,speaker,gender
0,14,F
1,16,F
2,17,M
3,19,F
4,20,F
5,22,F
6,23,F
7,25,M
8,26,M
9,27,M
10,28,F
11,29,M
12,30,F
13,31,M
14,32,F
15,36,M
16,37,M
17,38,M
18,39,F
19,40,F
20,44,F
21,45,F
22,46,M
23,47,F
24,49,M
25,51,M
26,52,F
27,54,F
28,55,M
29,56,F
30,57,F
31,58,M
32,60,M
33,61,M
34,62,M
35,64,F
36,65,F
37,66,M
38,70,M
39,75,M
40,77,F
41,78,M
42,79,F
43,81,M
44,82,F
45,83,F
46,84,F
47,85,M
48,87,F
49,89,F
50,90,M
51,91,M
52,92,F
53,93,F
54,94,M
55,98,F
56,100,F
57,101,M
58,102,F
59,103,F
60,104,F
61,107,M
62,110,F
63,111,F
64,112,F
65,114,F
66,115,F
67,116,M
68,118,M
69,119,M
70,121,F
71,122,M
72,123,F
73,125,F
74,126,F
75,127,M
76,128,M
77,133,M
78,147,M
79,149,M
80,150,F
81,151,F
82,152,M
83,153,M
84,154,M
85,157,M
86,159,M
87,161,M
88,163,M
89,166,F
90,167,M
91,168,M
92,173,F
93,174,M
94,175,F
95,176,M
96,177,F
97,188,F
98,192,F
99,196,M
100,198,F
101,199,F
102,200,F
103,201,M
104,202,F
105,203,F
106,204,M
107,205,F
108,207,M
109,208,F
110,209,F
111,210,M
112,211,F
113,215,F
114,216,M
115,217,F
116,218,M
117,224,F
118,225,F
119,226,F
120,227,F
121,228,F
122,229,M
123,231,M
124,233,M
125,237,F
126,238,F
127,240,M
128,242,F
129,243,F
130,245,M
131,246,F
132,248,F
133,249,M
134,250,F
135,251,M
136,252,M
137,253,M
138,254,M
139,255,M
140,258,M
141,260,M
142,263,M
143,264,M
144,265,M
145,272,M
146,273,M
147,274,F
148,277,F
149,278,F
150,283,M
151,288,F
152,289,F
153,294,F
154,296,M
155,298,F
156,302,F
157,303,M
158,307,M
159,310,F
160,311,M
161,313,F
162,317,M
163,318,F
164,319,M
165,322,F
166,323,F
167,328,F
168,329,M
169,331,M
170,332,M
171,335,M
172,336,M
173,337,F
174,339,F
175,340,M
176,345,M
177,348,M
178,353,M
179,359,M
180,362,F
181,365,M
182,366,F
183,367,F
184,369,M
185,373,F
186,374,M
187,377,M
188,380,F
189,392,F
190,398,M
191,402,F
192,403,F
193,404,F
194,405,M
195,408,F
196,409,M
197,412,M
198,413,M
199,421,M
200,422,M
201,426,F
202,428,M
203,432,M
204,434,F
205,439,M
206,441,F
207,444,F
208,445,M
209,446,M
210,448,F
211,451,F
212,453,M
213,454,M
214,458,M
215,459,M
216,460,M
217,464,M
218,466,F
219,470,M
220,472,F
221,474,M
222,475,M
223,476,M
224,479,F
225,480,M
226,481,M
227,483,F
228,487,M
229,489,F
230,492,M
231,497,M
232,500,M
233,501,M
234,505,M
235,510,M
236,511,M
237,512,M
238,517,M
239,525,F
240,533,F
241,534,F
242,542,M
243,543,M
244,544,M
245,548,M
246,549,F
247,551,M
248,557,M
249,559,M
250,561,M
251,567,M
252,568,M
253,569,M
254,572,M
255,576,F
256,580,M
257,581,M
258,583,M
259,584,F
260,585,F
261,587,F
262,589,F
263,593,M
264,594,M
265,596,F
266,597,F
267,598,F
268,606,M
269,608,F
270,612,F
271,613,M
272,614,F
273,622,M
274,625,M
275,636,F
276,637,M
277,639,M
278,644,M
279,652,M
280,663,M
281,664,F
282,666,F
283,667,F
284,669,F
285,671,M
286,672,M
287,679,M
288,681,F
289,684,F
290,688,F
291,690,F
292,696,F
293,698,F
294,699,F
295,700,F
296,705,F
297,707,M
298,708,M
299,711,M
300,712,M
301,713,F
302,716,M
303,718,M
304,720,M
305,724,M
306,726,M
307,727,M
308,728,M
309,730,F
310,731,F
311,737,M
312,742,M
313,753,M
314,764,M
315,766,M
316,770,M
317,774,F
318,777,M
319,778,M
320,779,M
321,780,M
322,781,M
323,782,F
324,783,F
325,789,F
326,791,M
327,792,F
328,797,M
329,803,M
330,806,M
331,807,M
332,810,M
333,811,F
334,815,M
335,816,M
336,820,M
337,826,M
338,829,F
339,830,F
340,831,M
341,834,F
342,835,M
343,836,M
344,839,M
345,844,F
346,845,M
347,846,M
348,850,M
349,851,M
350,868,M
351,876,F
352,882,F
353,884,M
354,886,M
355,887,F
356,895,M
357,899,M
358,908,M
359,909,M
360,911,M
361,915,M
362,920,F
363,921,M
364,922,M
365,923,F
366,925,F
367,927,M
368,937,F
369,948,F
370,949,M
371,951,F
372,953,M
373,954,M
374,956,F
375,957,M
376,960,F
377,964,M
378,968,F
379,969,M
380,976,F
381,978,M
382,979,F
383,982,M
384,984,M
385,985,M
386,986,M
387,1001,M
388,1006,F
389,1012,F
390,1018,M
391,1025,M
392,1027,M
393,1028,M
394,1031,F
395,1034,M
396,1040,M
397,1046,M
398,1049,M
399,1050,F
400,1051,F
401,1052,F
402,1053,F
403,1054,F
404,1058,M
405,1060,F
406,1061,F
407,1065,M
408,1066,F
409,1069,F
410,1079,F
411,1081,M
412,1084,F
413,1085,M
414,1088,F
415,1089,M
416,1092,F
417,1093,F
418,1094,M
419,1096,M
420,1097,M
421,1098,F
422,1100,F
423,1107,M
424,1110,M
425,1112,M
426,1116,F
427,1121,M
428,1124,F
429,1132,M
430,1152,F
431,1154,F
432,1160,M
433,1161,M
434,1165,M
435,1166,F
436,1168,F
437,1171,F
438,1175,M
439,1179,M
440,1182,M
441,1183,F
442,1184,M
443,1187,M
444,1188,M
445,1195,F
446,1200,M
447,1212,F
448,1221,F
449,1222,M
450,1224,F
451,1225,M
452,1226,M
453,1230,M
454,1235,M
455,1239,M
456,1241,F
457,1246,F
458,1250,F
459,1252,F
460,1255,M
461,1258,M
462,1259,F
463,1260,M
464,1261,M
465,1263,F
466,1264,M
467,1265,M
468,1266,F
469,1271,M
470,1272,M
471,1274,M
472,1280,M
473,1283,M
474,1284,F
475,1289,F
476,1290,F
477,1291,F
478,1296,F
479,1298,F
480,1311,M
481,1313,M
482,1316,M
483,1320,M
484,1322,M
485,1323,M
486,1331,M
487,1334,M
488,1335,F
489,1336,M
490,1337,M
491,1341,M
492,1342,F
493,1343,F
494,1347,M
495,1348,F
496,1349,M
497,1353,M
498,1355,M
499,1363,F
500,1365,M
501,1367,M
502,1370,F
503,1373,F
504,1374,M
505,1379,M
506,1382,F
507,1383,M
508,1384,M
509,1387,M
510,1390,F
511,1392,M
512,1401,F
513,1403,M
514,1413,M
515,1414,F
516,1417,F
517,1421,F
518,1422,F
519,1425,F
520,1430,M
521,1444,M
522,1445,M
523,1446,M
524,1447,F
525,1448,F
526,1455,M
527,1456,M
528,1460,F
529,1462,F
530,1463,F
531,1469,M
532,1472,F
533,1473,M
534,1474,F
535,1482,M
536,1485,M
537,1487,M
538,1492,M
539,1494,M
540,1495,M
541,1498,F
542,1502,F
543,1505,M
544,1509,F
545,1513,M
546,1535,M
547,1536,M
548,1544,F
549,1545,F
550,1547,F
551,1552,M
552,1553,F
553,1556,M
554,1559,M
555,1563,F
556,1564,F
557,1566,F
558,1569,F
559,1571,M
560,1572,M
561,1578,F
562,1579,F
563,1580,F
564,1585,F
565,1593,F
566,1594,M
567,1595,M
568,1601,M
569,1603,M
570,1607,M
571,1614,M
572,1618,M
573,1621,M
574,1624,M
575,1629,F
576,1630,F
577,1633,F
578,1634,M
579,1636,F
580,1638,M
581,1639,M
582,1641,F
583,1643,M
584,1645,M
585,1646,M
586,1647,M
587,1648,F
588,1649,F
589,1650,M
590,1651,M
591,1653,F
592,1664,F
593,1665,F
594,1668,F
595,1673,F
596,1674,F
597,1678,F
598,1679,F
599,1680,F
600,1681,F
601,1685,M
602,1686,F
603,1688,M
604,1690,F
605,1691,F
606,1693,F
607,1695,F
608,1696,F
609,1699,M
610,1701,M
611,1704,F
612,1705,F
613,1708,M
614,1710,F
615,1714,F
616,1715,F
617,1717,F
618,1721,F
619,1723,M
620,1724,F
621,1726,F
622,1731,F
623,1733,F
624,1734,F
625,1736,F
626,1737,F
627,1740,F
628,1743,M
629,1746,M
630,1748,M
631,1750,F
632,1752,F
633,1754,F
634,1756,F
635,1757,F
636,1760,F
637,1765,F
638,1767,F
639,1769,M
640,1772,M
641,1773,F
642,1776,M
643,1777,M
644,1779,F
645,1780,M
646,1784,F
647,1789,M
648,1795,M
649,1800,F
650,1801,M
651,1804,F
652,1806,M
653,1809,F
654,1811,M
655,1813,F
656,1815,M
657,1819,F
658,1825,F
659,1826,M
660,1827,M
661,1828,M
662,1841,F
663,1844,M
664,1845,F
665,1846,M
666,1849,M
667,1851,F
668,1859,F
669,1863,F
670,1867,M
671,1868,M
672,1870,M
673,1874,M
674,1878,M
675,1885,F
676,1898,F
677,1901,F
678,1903,M
679,1913,M
680,1914,M
681,1919,F
682,1920,F
683,1923,F
684,1924,M
685,1926,F
686,1931,F
687,1933,F
688,1938,M
689,1943,M
690,1944,F
691,1958,M
692,1961,F
693,1963,F
694,1968,F
695,1970,F
696,1974,F
697,1977,F
698,1985,M
699,1987,M
700,1988,F
701,1989,M
702,1992,F
703,1993,F
704,1995,F
705,1998,F
706,2001,M
707,2002,M
708,2003,M
709,2004,F
710,2007,F
711,2010,F
712,2012,M
713,2013,M
714,2021,M
715,2026,F
716,2033,M
717,2035,F
718,2039,M
719,2042,F
720,2045,M
721,2046,M
722,2050,F
723,2051,M
724,2053,F
725,2056,F
726,2060,F
727,2061,F
728,2062,F
729,2063,M
730,2067,M
731,2068,F
732,2074,M
733,2078,M
734,2085,F
735,2086,M
736,2089,F
737,2090,F
738,2092,F
739,2093,M
740,2094,F
741,2096,M
742,2100,F
743,2104,M
744,2110,M
745,2113,M
746,2122,M
747,2127,M
748,2133,M
749,2136,M
750,2137,M
751,2140,M
752,2143,F
753,2146,M
754,2148,F
755,2149,M
756,2152,F
757,2156,M
758,2159,M
759,2162,M
760,2167,M
761,2182,F
762,2185,M
763,2194,F
764,2195,M
765,2196,F
766,2198,M
767,2201,M
768,2204,F
769,2208,M
770,2229,M
771,2230,F
772,2234,M
773,2237,F
774,2238,M
775,2240,M
776,2246,M
777,2254,F
778,2256,F
779,2262,M
780,2269,F
781,2270,F
782,2272,M
783,2273,M
784,2275,F
785,2276,F
786,2277,F
787,2279,M
788,2284,M
789,2285,M
790,2288,F
791,2289,M
792,2292,M
793,2294,M
794,2297,F
795,2299,M
796,2300,M
797,2301,F
798,2309,M
799,2312,F
800,2319,M
801,2334,M
802,2339,F
803,2341,M
804,2346,F
805,2348,F
806,2351,F
807,2356,M
808,2361,F
809,2364,F
810,2368,M
811,2374,F
812,2380,M
813,2384,M
814,2388,M
815,2391,F
816,2393,M
817,2397,M
818,2401,F
819,2404,M
820,2405,M
821,2407,M
822,2411,F
823,2412,F
824,2414,M
825,2416,F
826,2427,M
827,2428,M
828,2436,M
829,2437,M
830,2445,F
831,2448,M
832,2473,M
833,2481,F
834,2485,F
835,2487,F
836,2488,F
837,2491,M
838,2494,M
839,2496,M
840,2498,F
841,2499,M
842,2504,F
843,2506,F
844,2512,F
845,2514,M
846,2517,M
847,2518,M
848,2522,F
849,2526,M
850,2531,M
851,2532,F
852,2533,M
853,2541,M
854,2544,F
855,2545,M
856,2552,M
857,2553,F
858,2562,M
859,2568,F
860,2570,F
861,2573,F
862,2574,M
863,2577,F
864,2581,F
865,2582,F
866,2587,F
867,2588,M
868,2589,M
869,2592,F
870,2598,F
871,2606,M
872,2607,F
873,2609,M
874,2618,M
875,2624,M
876,2625,F
877,2628,M
878,2638,F
879,2652,F
880,2654,M
881,2660,M
882,2671,F
883,2673,M
884,2674,M
885,2676,F
886,2688,M
887,2691,F
888,2694,F
889,2696,M
890,2709,F
891,2712,F
892,2724,M
893,2730,F
894,2733,M
895,2735,F
896,2740,M
897,2741,F
898,2748,F
899,2751,F
900,2754,F
901,2758,F
902,2762,F
903,2764,F
904,2769,M
905,2774,M
906,2775,F
907,2785,F
908,2787,M
909,2790,F
910,2792,F
911,2803,M
912,2812,M
913,2815,M
914,2816,M
915,2817,F
916,2823,M
917,2825,M
918,2827,M
919,2830,M
920,2834,F
921,2836,F
922,2843,M
923,2853,F
924,2854,M
925,2882,F
926,2893,M
927,2895,F
928,2902,M
929,2909,F
930,2910,F
931,2911,M
932,2919,F
933,2920,F
934,2925,F
935,2929,M
936,2930,M
937,2943,F
938,2946,M
939,2952,M
940,2960,M
941,2961,F
942,2967,F
943,2971,M
944,2975,F
945,2979,F
946,2985,M
947,2988,F
948,2989,F
949,2990,M
950,2992,M
951,2997,F
952,2998,M
953,2999,M
954,3000,M
955,3001,F
956,3003,F
957,3005,M
958,3006,F
959,3008,F
960,3009,M
961,3020,M
962,3021,M
963,3025,F
964,3032,M
965,3033,F
966,3045,M
967,3046,F
968,3053,F
969,3054,M
970,3060,M
971,3063,M
972,3070,M
973,3072,M
974,3079,F
975,3080,F
976,3081,F
977,3082,M
978,3083,F
979,3088,M
980,3090,F
981,3092,F
982,3094,F
983,3097,M
984,3098,M
985,3100,M
986,3105,M
987,3109,M
988,3112,F
989,3114,M
990,3118,M
991,3119,F
992,3125,F
993,3132,M
994,3135,M
995,3137,M
996,3138,F
997,3142,M
998,3143,F
999,3144,M
1000,3148,M
1001,3157,F
1002,3168,M
1003,3170,M
1004,3171,M
1005,3172,F
1006,3179,F
1007,3180,M
1008,3185,M
1009,3187,M
1010,3192,M
1011,3196,F
1012,3214,M
1013,3215,F
1014,3221,M
1015,3224,F
1016,3227,F
1017,3228,F
1018,3230,M
1019,3235,F
1020,3238,M
1021,3240,M
1022,3242,M
1023,3244,F
1024,3245,F
1025,3257,M
1026,3258,F
1027,3259,F
1028,3261,M
1029,3268,M
1030,3271,M
1031,3272,M
1032,3274,M
1033,3285,M
1034,3288,M
1035,3289,M
1036,3290,F
1037,3294,F
1038,3307,M
1039,3314,F
1040,3318,F
1041,3319,F
1042,3328,M
1043,3330,F
1044,3331,F
1045,3334,F
1046,3340,M
1047,3346,F
1048,3347,F
1049,3356,F
1050,3357,F
1051,3361,F
1052,3368,M
1053,3370,M
1054,3373,M
1055,3374,M
1056,3379,F
1057,3380,F
1058,3381,M
1059,3389,M
1060,3394,F
1061,3400,F
1062,3409,F
1063,3411,F
1064,3417,M
1065,3433,M
1066,3436,M
1067,3440,F
1068,3446,F
1069,3448,M
1070,3465,F
1071,3467,F
1072,3470,M
1073,3479,F
1074,3482,F
1075,3483,M
1076,3486,M
1077,3488,M
1078,3490,M
1079,3493,F
1080,3500,F
1081,3503,M
1082,3513,F
1083,3521,M
1084,3526,F
1085,3528,F
1086,3536,F
1087,3537,F
1088,3538,F
1089,3540,M
1090,3541,M
1091,3546,F
1092,3547,M
1093,3549,F
1094,3551,F
1095,3553,M
1096,3554,F
1097,3557,F
1098,3559,F
1099,3564,F
1100,3567,M
1101,3570,F
1102,3571,M
1103,3575,F
1104,3576,F
1105,3584,F
1106,3587,M
1107,3588,F
1108,3592,M
1109,3595,M
1110,3598,F
1111,3606,M
1112,3607,M
1113,3615,F
1114,3618,M
1115,3630,F
1116,3638,F
1117,3641,F
1118,3645,F
1119,3647,F
1120,3650,M
1121,3654,M
1122,3656,M
1123,3657,M
1124,3660,M
1125,3663,F
1126,3664,M
1127,3665,M
1128,3675,F
1129,3679,F
1130,3681,F
1131,3686,M
1132,3691,M
1133,3698,F
1134,3699,M
1135,3703,F
1136,3717,M
1137,3723,M
1138,3728,F
1139,3729,F
1140,3733,F
1141,3738,F
1142,3744,M
1143,3747,M
1144,3752,M
1145,3757,F
1146,3764,F
1147,3779,F
1148,3780,M
1149,3781,F
1150,3783,M
1151,3790,F
1152,3792,M
1153,3793,M
1154,3796,M
1155,3798,F
1156,3807,M
1157,3816,F
1158,3819,M
1159,3825,M
1160,3830,M
1161,3835,M
1162,3843,F
1163,3845,M
1164,3848,F
1165,3851,F
1166,3852,F
1167,3853,F
1168,3857,M
1169,3864,M
1170,3866,M
1171,3867,F
1172,3869,M
1173,3871,M
1174,3876,F
1175,3879,F
1176,3885,F
1177,3889,F
1178,3894,M
1179,3895,M
1180,3896,M
1181,3905,F
1182,3906,F
1183,3909,F
1184,3911,F
1185,3912,M
1186,3914,M
1187,3915,F
1188,3922,F
1189,3923,M
1190,3925,F
1191,3926,F
1192,3927,M
1193,3928,F
1194,3934,F
1195,3945,M
1196,3947,F
1197,3955,M
1198,3959,M
1199,3962,M
1200,3967,F
1201,3969,F
1202,3972,F
1203,3977,M
1204,3979,F
1205,3982,F
1206,3983,F
1207,3989,M
1208,3990,F
1209,3992,F
1210,3994,F
1211,3997,F
1212,4005,F
1213,4009,F
1214,4010,M
1215,4013,M
1216,4014,M
1217,4015,M
1218,4017,M
1219,4018,M
1220,4019,M
1221,4020,M
1222,4021,F
1223,4034,F
1224,4039,M
1225,4042,M
1226,4044,F
1227,4051,F
1228,4054,M
1229,4057,F
1230,4059,M
1231,4063,F
1232,4064,F
1233,4071,F
1234,4077,M
1235,4078,M
1236,4085,M
1237,4088,F
1238,4090,F
1239,4098,F
1240,4104,F
1241,4108,M
1242,4110,M
1243,4111,F
1244,4116,F
1245,4122,M
1246,4133,M
1247,4137,F
1248,4138,F
1249,4145,F
1250,4148,M
1251,4152,M
1252,4153,F
1253,4156,F
1254,4160,F
1255,4161,M
1256,4172,M
1257,4174,F
1258,4179,M
1259,4189,F
1260,4191,M
1261,4192,F
1262,4193,M
1263,4195,F
1264,4196,M
1265,4198,M
1266,4205,M
1267,4211,F
1268,4214,F
1269,4216,F
1270,4217,M
1271,4218,M
1272,4222,F
1273,4225,F
1274,4226,M
1275,4234,F
1276,4235,F
1277,4236,M
1278,4238,F
1279,4243,M
1280,4246,M
1281,4257,M
1282,4260,F
1283,4262,F
1284,4263,F
1285,4267,M
1286,4273,F
1287,4277,M
1288,4278,M
1289,4280,F
1290,4289,F
1291,4290,M
1292,4294,F
1293,4295,M
1294,4297,F
1295,4305,F
1296,4310,F
1297,4313,F
1298,4321,F
1299,4323,F
1300,4327,F
1301,4331,F
1302,4335,M
1303,4340,F
1304,4344,M
1305,4345,M
1306,4350,M
1307,4352,F
1308,4356,F
1309,4358,M
1310,4362,F
1311,4363,F
1312,4379,M
1313,4381,F
1314,4396,F
1315,4397,M
1316,4402,M
1317,4406,M
1318,4407,M
1319,4411,F
1320,4415,F
1321,4420,M
1322,4422,F
1323,4423,M
1324,4425,M
1325,4427,F
1326,4428,M
1327,4433,M
1328,4434,F
1329,4438,M
1330,4441,M
1331,4442,M
1332,4443,F
1333,4446,F
1334,4447,M
1335,4455,F
1336,4463,F
1337,4474,M
1338,4480,M
1339,4481,F
1340,4484,M
1341,4487,F
1342,4490,F
1343,4492,F
1344,4495,M
1345,4507,F
1346,4511,F
1347,4513,F
1348,4515,M
1349,4519,F
1350,4520,F
1351,4535,M
1352,4545,M
1353,4546,F
1354,4549,F
1355,4563,F
1356,4570,M
1357,4572,M
1358,4576,F
1359,4583,M
1360,4586,M
1361,4590,M
1362,4591,M
1363,4592,F
1364,4594,M
1365,4595,M
1366,4598,F
1367,4599,M
1368,4629,M
1369,4640,F
1370,4652,F
1371,4659,M
1372,4660,F
1373,4667,F
1374,4680,F
1375,4681,M
1376,4687,M
1377,4693,M
1378,4697,F
1379,4699,M
1380,4701,M
1381,4703,F
1382,4705,M
1383,4706,F
1384,4710,M
1385,4712,F
1386,4719,M
1387,4731,F
1388,4733,M
1389,4734,M
1390,4738,M
1391,4741,M
1392,4742,F
1393,4744,F
1394,4748,M
1395,4750,M
1396,4757,F
1397,4766,F
1398,4767,M
1399,4770,F
1400,4771,M
1401,4773,F
1402,4779,F
1403,4788,M
1404,4791,F
1405,4799,M
1406,4800,F
1407,4806,M
1408,4807,F
1409,4813,M
1410,4821,M
1411,4824,F
1412,4830,M
1413,4831,F
1414,4836,M
1415,4837,F
1416,4839,F
1417,4841,F
1418,4846,F
1419,4848,M
1420,4852,M
1421,4853,F
1422,4854,M
1423,4856,M
1424,4859,M
1425,4860,M
1426,4863,M
1427,4872,M
1428,4894,M
1429,4898,M
1430,4899,F
1431,4910,F
1432,4915,M
1433,4926,F
1434,4930,M
1435,4931,M
1436,4936,F
1437,4945,M
1438,4948,M
1439,4955,M
1440,4957,F
1441,4958,M
1442,4959,F
1443,4964,F
1444,4965,F
1445,4967,F
1446,4969,M
1447,4970,F
1448,4973,M
1449,4979,M
1450,4991,F
1451,4992,F
1452,4993,M
1453,5000,F
1454,5002,M
1455,5005,F
1456,5007,F
1457,5009,M
1458,5012,F
1459,5013,M
1460,5019,F
1461,5022,F
1462,5023,F
1463,5029,F
1464,5036,F
1465,5038,M
1466,5039,F
1467,5043,M
1468,5044,F
1469,5045,F
1470,5049,M
1471,5054,F
1472,5060,F
1473,5062,F
1474,5063,F
1475,5076,M
1476,5077,F
1477,5082,F
1478,5092,M
1479,5093,F
1480,5101,F
1481,5104,M
1482,5105,M
1483,5115,F
1484,5118,M
1485,5123,M
1486,5126,M
1487,5132,M
1488,5133,F
1489,5136,F
1490,5139,F
1491,5141,M
1492,5142,F
1493,5147,M
1494,5152,M
1495,5154,F
1496,5157,M
1497,5163,F
1498,5164,F
1499,5172,M
1500,5181,M
1501,5183,M
1502,5185,M
1503,5186,M
1504,5189,M
1505,5190,M
1506,5192,M
1507,5198,M
1508,5199,F
1509,5206,M
1510,5217,F
1511,5220,F
1512,5224,M
1513,5230,F
1514,5233,F
1515,5239,M
1516,5242,M
1517,5244,F
1518,5245,M
1519,5246,M
1520,5248,M
1521,5252,M
1522,5261,M
1523,5266,F
1524,5269,F
1525,5271,F
1526,5278,M
1527,5280,M
1528,5285,F
1529,5287,F
1530,5290,F
1531,5293,M
1532,5296,F
1533,5299,F
1534,5304,M
1535,5319,M
1536,5321,M
1537,5322,M
1538,5325,M
1539,5328,M
1540,5333,M
1541,5337,F
1542,5338,F
1543,5339,F
1544,5340,F
1545,5350,F
1546,5355,F
1547,5361,F
1548,5375,F
1549,5379,M
1550,5386,M
1551,5389,M
1552,5390,M
1553,5393,F
1554,5400,F
1555,5401,M
1556,5405,F
1557,5412,F
1558,5424,F
1559,5429,M
1560,5439,F
1561,5442,F
1562,5445,F
1563,5448,M
1564,5456,M
1565,5459,M
1566,5460,M
1567,5463,M
1568,5468,F
1569,5471,F
1570,5480,F
1571,5484,F
1572,5487,F
1573,5489,F
1574,5506,M
1575,5513,M
1576,5514,F
1577,5519,M
1578,5536,M
1579,5538,F
1580,5543,F
1581,5545,M
1582,5561,F
1583,5565,M
1584,5567,M
1585,5569,F
1586,5570,F
1587,5583,F
1588,5588,F
1589,5604,F
1590,5606,F
1591,5618,F
1592,5620,M
1593,5622,F
1594,5628,M
1595,5635,M
1596,5636,F
1597,5637,M
1598,5639,M
1599,5641,M
1600,5649,F
1601,5652,F
1602,5653,F
1603,5655,F
1604,5656,M
1605,5660,F
1606,5661,F
1607,5665,F
1608,5671,F
1609,5672,M
1610,5678,M
1611,5682,F
1612,5683,F
1613,5684,F
1614,5688,F
1615,5694,M
1616,5700,M
1617,5703,M
1618,5712,F
1619,5717,M
1620,5719,M
1621,5720,F
1622,5723,F
1623,5724,F
1624,5725,F
1625,5727,M
1626,5731,F
1627,5733,F
1628,5735,F
1629,5740,F
1630,5746,M
1631,5750,M
1632,5756,F
1633,5764,M
1634,5765,M
1635,5767,M
1636,5772,M
1637,5776,M
1638,5778,F
1639,5781,M
1640,5784,M
1641,5789,F
1642,5791,M
1643,5796,F
1644,5802,M
1645,5808,M
1646,5809,F
1647,5810,M
1648,5825,F
1649,5826,M
1650,5831,F
1651,5837,F
1652,5840,M
1653,5849,F
1654,5854,M
1655,5860,F
1656,5867,F
1657,5868,M
1658,5874,M
1659,5876,F
1660,5883,M
1661,5886,M
1662,5890,F
1663,5893,F
1664,5894,M
1665,5895,F
1666,5906,F
1667,5909,M
1668,5910,M
1669,5911,M
1670,5913,M
1671,5914,M
1672,5918,M
1673,5929,F
1674,5933,M
1675,5935,M
1676,5940,M
1677,5949,F
1678,5951,M
1679,5952,F
1680,5968,F
1681,5970,M
1682,5975,M
1683,5977,M
1684,5979,M
1685,5980,F
1686,5983,F
1687,5984,F
1688,5985,M
1689,5993,M
1690,6000,F
1691,6003,M
1692,6006,F
1693,6009,M
1694,6010,M
1695,6014,F
1696,6019,M
1697,6025,F
1698,6030,F
1699,6032,F
1700,6035,M
1701,6037,M
1702,6038,F
1703,6051,M
1704,6054,F
1705,6060,M
1706,6064,F
1707,6065,M
1708,6070,F
1709,6072,F
1710,6075,M
1711,6076,M
1712,6077,M
1713,6078,F
1714,6080,M
1715,6081,M
1716,6082,F
1717,6084,M
1718,6087,F
1719,6088,F
1720,6097,M
1721,6098,M
1722,6099,F
1723,6102,F
1724,6104,F
1725,6106,F
1726,6111,F
1727,6115,M
1728,6119,M
1729,6120,F
1730,6121,F
1731,6123,F
1732,6126,M
1733,6127,F
1734,6128,F
1735,6131,F
1736,6135,F
1737,6138,F
1738,6139,F
1739,6145,F
1740,6147,F
1741,6153,F
1742,6157,M
1743,6159,M
1744,6160,F
1745,6167,F
1746,6173,F
1747,6177,M
1748,6178,F
1749,6181,M
1750,6184,M
1751,6188,F
1752,6189,F
1753,6196,M
1754,6199,M
1755,6206,F
1756,6209,M
1757,6211,F
1758,6215,F
1759,6221,M
1760,6224,M
1761,6227,F
1762,6232,M
1763,6233,F
1764,6235,F
1765,6236,M
1766,6241,M
1767,6242,F
1768,6248,M
1769,6249,M
1770,6251,F
1771,6254,F
1772,6258,M
1773,6267,M
1774,6269,M
1775,6272,F
1776,6276,M
1777,6281,F
1778,6284,F
1779,6286,F
1780,6288,F
1781,6294,M
1782,6295,M
1783,6300,F
1784,6308,F
1785,6311,M
1786,6313,F
1787,6317,F
1788,6319,F
1789,6323,M
1790,6324,F
1791,6330,M
1792,6332,F
1793,6333,M
1794,6339,F
1795,6341,F
1796,6345,F
1797,6346,M
1798,6351,F
1799,6352,F
1800,6353,F
1801,6356,M
1802,6358,F
1803,6359,F
1804,6364,M
1805,6367,M
1806,6368,M
1807,6370,M
1808,6371,F
1809,6373,F
1810,6377,M
1811,6378,F
1812,6385,F
1813,6388,F
1814,6391,F
1815,6395,M
1816,6399,M
1817,6402,M
1818,6406,F
1819,6407,M
1820,6411,F
1821,6415,F
1822,6418,M
1823,6426,F
1824,6432,M
1825,6436,M
1826,6437,M
1827,6446,M
1828,6454,M
1829,6455,F
1830,6458,M
1831,6459,M
1832,6467,M
1833,6476,F
1834,6482,M
1835,6484,F
1836,6488,F
1837,6492,M
1838,6494,M
1839,6497,M
1840,6499,M
1841,6505,F
1842,6506,M
1843,6509,F
1844,6510,M
1845,6512,M
1846,6513,F
1847,6518,F
1848,6519,F
1849,6529,M
1850,6531,F
1851,6533,M
1852,6534,F
1853,6535,M
1854,6538,M
1855,6539,M
1856,6540,M
1857,6544,F
1858,6548,F
1859,6549,F
1860,6550,M
1861,6553,M
1862,6555,M
1863,6557,F
1864,6563,M
1865,6567,F
1866,6568,F
1867,6574,M
1868,6575,M
1869,6583,F
1870,6590,F
1871,6594,F
1872,6599,M
1873,6609,M
1874,6610,F
1875,6614,F
1876,6620,F
1877,6625,M
1878,6627,F
1879,6636,M
1880,6637,F
1881,6641,F
1882,6643,F
1883,6652,M
1884,6660,F
1885,6668,M
1886,6670,M
1887,6673,F
1888,6674,M
1889,6676,F
1890,6683,F
1891,6685,M
1892,6686,M
1893,6687,M
1894,6689,F
1895,6690,M
1896,6694,M
1897,6695,F
1898,6696,F
1899,6701,M
1900,6705,F
1901,6707,M
1902,6709,M
1903,6713,M
1904,6724,F
1905,6726,F
1906,6727,M
1907,6733,F
1908,6735,F
1909,6741,F
1910,6743,M
1911,6746,M
1912,6747,M
1913,6749,F
1914,6752,M
1915,6753,M
1916,6754,M
1917,6758,F
1918,6763,F
1919,6773,M
1920,6777,M
1921,6782,F
1922,6784,M
1923,6788,F
1924,6792,M
1925,6794,F
1926,6798,M
1927,6804,M
1928,6807,F
1929,6818,F
1930,6821,F
1931,6828,F
1932,6829,F
1933,6836,M
1934,6841,M
1935,6846,M
1936,6848,M
1937,6849,M
1938,6853,F
1939,6865,F
1940,6875,M
1941,6877,M
1942,6880,M
1943,6882,M
1944,6883,M
1945,6892,M
1946,6895,F
1947,6902,F
1948,6904,F
1949,6906,F
1950,6912,M
1951,6913,F
1952,6914,F
1953,6918,F
1954,6923,M
1955,6924,F
1956,6925,M
1957,6927,F
1958,6930,M
1959,6937,F
1960,6938,F
1961,6943,F
1962,6945,M
1963,6947,F
1964,6950,F
1965,6951,F
1966,6954,M
1967,6956,M
1968,6962,M
1969,6963,M
1970,6965,M
1971,6967,F
1972,6974,M
1973,6978,F
1974,6981,M
1975,6993,M
1976,7000,M
1977,7001,F
1978,7008,M
1979,7009,M
1980,7011,M
1981,7012,F
1982,7018,M
1983,7021,M
1984,7026,F
1985,7030,M
1986,7046,M
1987,7051,M
1988,7055,M
1989,7059,F
1990,7061,M
1991,7062,F
1992,7065,M
1993,7067,M
1994,7069,M
1995,7073,F
1996,7078,F
1997,7079,F
1998,7085,M
1999,7090,M
2000,7092,F
2001,7095,M
2002,7096,M
2003,7097,F
2004,7105,M
2005,7107,M
2006,7113,F
2007,7117,F
2008,7120,F
2009,7121,M
2010,7125,F
2011,7126,M
2012,7127,M
2013,7128,M
2014,7131,F
2015,7134,M
2016,7135,F
2017,7138,F
2018,7139,M
2019,7140,F
2020,7143,F
2021,7145,F
2022,7147,M
2023,7148,F
2024,7150,M
2025,7155,M
2026,7169,M
2027,7170,M
2028,7176,M
2029,7177,F
2030,7178,F
2031,7188,M
2032,7189,M
2033,7190,M
2034,7197,F
2035,7198,F
2036,7199,F
2037,7205,F
2038,7208,M
2039,7215,M
2040,7218,F
2041,7220,F
2042,7223,F
2043,7226,M
2044,7228,M
2045,7229,F
2046,7238,M
2047,7239,M
2048,7240,F
2049,7241,M
2050,7242,F
2051,7245,F
2052,7246,F
2053,7247,M
2054,7250,F
2055,7255,F
2056,7258,M
2057,7263,F
2058,7264,M
2059,7265,F
2060,7276,F
2061,7277,F
2062,7278,M
2063,7285,F
2064,7286,F
2065,7294,F
2066,7297,F
2067,7299,F
2068,7301,M
2069,7302,F
2070,7307,M
2071,7312,M
2072,7313,M
2073,7314,M
2074,7315,F
2075,7316,F
2076,7318,F
2077,7320,F
2078,7326,M
2079,7327,M
2080,7331,F
2081,7333,F
2082,7335,F
2083,7337,F
2084,7338,M
2085,7339,M
2086,7342,F
2087,7346,M
2088,7348,F
2089,7354,M
2090,7357,M
2091,7360,F
2092,7367,M
2093,7376,F
2094,7383,F
2095,7384,F
2096,7387,F
2097,7389,M
2098,7391,M
2099,7392,F
2100,7395,F
2101,7398,F
2102,7402,M
2103,7408,M
2104,7416,F
2105,7423,M
2106,7424,M
2107,7433,F
2108,7434,F
2109,7436,M
2110,7437,M
2111,7445,F
2112,7447,M
2113,7448,M
2114,7460,M
2115,7463,M
2116,7467,F
2117,7475,M
2118,7478,M
2119,7480,F
2120,7481,F
2121,7484,M
2122,7491,F
2123,7492,F
2124,7495,F
2125,7498,F
2126,7502,M
2127,7505,M
2128,7507,F
2129,7510,F
2130,7511,F
2131,7512,M
2132,7514,F
2133,7515,F
2134,7517,F
2135,7518,M
2136,7520,M
2137,7522,F
2138,7525,F
2139,7538,M
2140,7540,M
2141,7552,F
2142,7553,M
2143,7555,F
2144,7556,M
2145,7558,M
2146,7559,M
2147,7561,M
2148,7565,M
2149,7569,M
2150,7584,F
2151,7585,M
2152,7594,F
2153,7597,F
2154,7601,M
2155,7603,M
2156,7607,F
2157,7608,M
2158,7609,F
2159,7618,M
2160,7635,F
2161,7640,M
2162,7641,M
2163,7644,F
2164,7647,M
2165,7649,F
2166,7654,M
2167,7657,F
2168,7665,M
2169,7672,M
2170,7679,F
2171,7683,F
2172,7687,F
2173,7688,M
2174,7691,M
2175,7697,M
2176,7699,F
2177,7700,M
2178,7702,F
2179,7704,M
2180,7705,M
2181,7708,F
2182,7713,M
2183,7717,F
2184,7720,M
2185,7729,M
2186,7730,F
2187,7732,M
2188,7733,F
2189,7737,F
2190,7739,F
2191,7746,M
2192,7749,M
2193,7752,F
2194,7754,F
2195,7756,F
2196,7762,F
2197,7764,M
2198,7766,F
2199,7769,M
2200,7777,M
2201,7780,F
2202,7783,F
2203,7786,M
2204,7789,F
2205,7794,F
2206,7795,M
2207,7796,M
2208,7800,F
2209,7802,F
2210,7809,M
2211,7816,F
2212,7823,M
2213,7825,M
2214,7826,M
2215,7828,M
2216,7832,M
2217,7833,M
2218,7835,M
2219,7837,M
2220,7839,F
2221,7843,F
2222,7848,M
2223,7850,F
2224,7859,F
2225,7867,M
2226,7868,F
2227,7871,M
2228,7874,M
2229,7879,F
2230,7881,M
2231,7883,F
2232,7886,F
2233,7892,F
2234,7898,F
2235,7902,M
2236,7909,M
2237,7910,F
2238,7912,M
2239,7923,M
2240,7925,F
2241,7926,M
2242,7932,F
2243,7933,F
2244,7938,M
2245,7939,M
2246,7942,M
2247,7945,F
2248,7946,F
2249,7949,M
2250,7956,M
2251,7957,M
2252,7959,F
2253,7962,F
2254,7967,F
2255,7975,M
2256,7976,M
2257,7981,M
2258,7982,F
2259,7988,M
2260,7991,M
2261,7994,F
2262,7995,F
2263,7997,M
2264,8005,F
2265,8006,M
2266,8008,M
2267,8009,F
2268,8011,M
2269,8012,F
2270,8014,F
2271,8015,F
2272,8023,M
2273,8028,M
2274,8033,M
2275,8040,F
2276,8042,M
2277,8044,F
2278,8050,M
2279,8051,F
2280,8057,F
2281,8058,M
2282,8063,M
2283,8066,M
2284,8071,F
2285,8072,F
2286,8075,F
2287,8080,F
2288,8087,M
2289,8088,M
2290,8095,M
2291,8097,F
2292,8098,M
2293,8108,M
2294,8112,F
2295,8113,F
2296,8118,F
2297,8119,M
2298,8123,F
2299,8131,M
2300,8138,M
2301,8142,M
2302,8143,M
2303,8148,F
2304,8152,M
2305,8156,F
2306,8163,F
2307,8164,M
2308,8168,F
2309,8169,M
2310,8172,M
2311,8173,F
2312,8176,M
2313,8180,F
2314,8183,F
2315,8188,M
2316,8190,F
2317,8193,F
2318,8194,F
2319,8195,M
2320,8197,F
2321,8199,F
2322,8200,M
2323,8208,M
2324,8215,M
2325,8222,M
2326,8224,M
2327,8225,M
2328,8226,M
2329,8228,F
2330,8230,M
2331,8238,F
2332,8240,F
2333,8242,F
2334,8245,M
2335,8246,M
2336,8250,M
2337,8254,F
2338,8259,F
2339,8262,M
2340,8266,M
2341,8272,F
2342,8273,M
2343,8280,F
2344,8288,M
2345,8291,M
2346,8295,F
2347,8296,F
2348,8297,M
2349,8300,F
2350,8302,F
2351,8307,M
2352,8312,F
2353,8316,M
2354,8321,F
2355,8322,M
2356,8324,F
2357,8328,M
2358,8329,F
2359,8334,M
2360,8337,F
2361,8346,M
2362,8347,M
2363,8356,M
2364,8367,M
2365,8382,F
2366,8388,F
2367,8389,M
2368,8392,F
2369,8394,M
2370,8396,M
2371,8401,M
2372,8404,F
2373,8410,F
2374,8413,M
2375,8414,F
2376,8415,F
2377,8419,M
2378,8421,F
2379,8422,M
2380,8424,F
2381,8425,M
2382,8430,F
2383,8432,F
2384,8441,F
2385,8443,F
2386,8444,M
2387,8445,M
2388,8447,F
2389,8455,M
2390,8459,M
2391,8461,F
2392,8463,F
2393,8464,M
2394,8465,F
2395,8466,M
2396,8468,F
2397,8470,F
2398,8474,M
2399,8476,F
2400,8479,M
2401,8490,M
2402,8494,M
2403,8498,M
2404,8499,M
2405,8500,M
2406,8506,F
2407,8527,M
2408,8531,M
2409,8534,M
2410,8536,M
2411,8543,F
2412,8544,F
2413,8545,F
2414,8555,F
2415,8565,M
2416,8573,F
2417,8575,M
2418,8576,M
2419,8580,M
2420,8587,M
2421,8590,M
2422,8591,F
2423,8592,M
2424,8605,F
2425,8609,M
2426,8619,M
2427,8625,F
2428,8629,M
2429,8630,M
2430,8631,M
2431,8632,M
2432,8635,M
2433,8643,M
2434,8644,F
2435,8664,F
2436,8666,M
2437,8671,M
2438,8675,M
2439,8677,F
2440,8678,F
2441,8684,F
2442,8687,M
2443,8699,F
2444,8705,M
2445,8710,M
2446,8713,M
2447,8718,F
2448,8722,F
2449,8725,M
2450,8742,M
2451,8747,M
2452,8753,M
2453,8758,M
2454,8765,M
2455,8770,M
2456,8771,F
2457,8772,M
2458,8776,F
2459,8778,F
2460,8786,M
2461,8791,M
2462,8797,M
2463,8799,M
2464,8803,M
2465,8808,M
2466,8820,M
2467,8824,M
2468,8825,F
2469,8838,M
2470,8842,F
2471,8846,F
2472,8848,M
2473,8855,M
2474,8867,F
2475,8875,M
2476,8879,M
2477,8887,M
2478,8897,F
2479,8975,F
2480,9000,M
2481,9022,F
2482,9023,F
2483,9026,F
